rating,review
1,it is basically useless at this point half of it you've got to call other numbers to reach other City departments to report and the other half just as not something you would typically report in the first place unless I can update it to actually be able to report things that would help the neighborhood it's just useless
1,"It used to be very useful but now it says everything is out of service area, even for things I had to report before I can't now."
2,no longer allows parking enforcement requests
1,"I put in a report vehicles left in front of my house for over 2month, and the report is still open."
1,cannot attach photo. cannot correct address location.
1,"Even if you get past all the bugs, it's just a waste of time. Nothing is ever resolved. It's pretty much a suggestion box that gets emptied in the trash each week."
1,Pokémon Go for NIMBYs lol
1,didn't work on my phone (s25).
5,great for getting rid of pesky hobos
5,I love that I can report nearly anything to the city and actually get responses and things taken care of.
1,"This app is completely worthless. I used it for the better part of 2 years and this app is only useful for alerting the city to basic park and street maintenance (you know like a city should already do). Do not expect any response for encampments, dumping in greenbelts, stolen or illegally parked cars or dead/fallen trees. The people of Seattle are on their own to police and clean up their own city."
5,easy to use!
1,"The app is a waste of time. The city of Seattle doesn't care about enforcement of its laws, so this app is a waste of time. Every single one of my reports gets closed without a comment, and no action is taken. They won't come, they won't fix it. Fix it yourself, Seattle won't."
3,"The app works pretty well for a government app, but the city doesn't actually fix things you report so overall it's useless"
1,No way to report powerlines out from fallen trees or fallen trees blocking the road
1,For some reason i cannot figure out how to report vehicles parked over (72) hours online. Help me.
1,"This app is a charade. This provides the illusion of reporting things, but in my experience every report I have made has been ignored, canceled, deleted or otherwise neglected. No one who responds these actually has any interest in solving any of the problems of the citizens of Seattle. This is 100% done for show, and not for improving the city."
1,"I'm repeatedly getting a 500 server error when trying to file a report. I can't save a draft or anything to try again later, so I have to fill it all out again. A backup submission option (e.g., email) would be nice too."
5,"The app is fine, but Seattle won't do anything about the reported issues any more so I don't even know if there's someone to see the reports, which makes the app worthless."
5,Padlock on porta-potty at Me-Kwa-Mooks Park
1,No reply or status change regarding my request
2,It is giving me 503 errors frequently
1,Worthless. They just ignore issues. Huge waste of time.
1,"App gets stuck on the issues selection page. Also, this doesn't work when no one actually does anything on the off chance the app works."
1,Homeless have a right to exist.
1,I think this app gave me viruses
1,evil disgusting people. shame on rhese people for developing this app.
1,"Was good, now very confusing"
1,What a joke by city goverment. Taxes are being raised abd services are being cut. Now where ever you try to submit complaint it say out of area. Shame on you dow
5,"Much better than the old app. Not slick, but very good as far as ""an app from a city government""."
5,Easy to use and gets results.
5,"Make for all states, even if code enforcement doesn't acknowledge it, we can show them easier than calling in each one"
1,"Someone needed to review this app before they pushed the post button, lots of dumb dumb issues, like it assumes everyone has a Seattle address, and in parking enforcement it they left out the most popular color of car in Seattle, you know ""GRAY""! Always double check your work on an app and think a little."
1,Common Seattle L
1,Reports are closed with no action and no mention of why.
5,Great app now let's you pick the location of the report.
5,Actually useful.
2,"This app resets to the start screen when I try to include a photo inside the app. I've had better luck attaching a previously taken photo. This app seems to be a collector of problems. I wish we could also find the status here when problems are referred to departments that are not hooked up with this app. Sometimes I see very quick results. Other times oh, it seems to be a black hole."
2,Since the improvements in the app it's almost impossible to use. I tried to report a branch had taken down wires and not only was there no place to report it I also couldn't find anywhere to turn on location to map it. What was a great app is now useless
2,Find It/Ignore It Seattle Parks and Recreation just closes the reports with no status or work done. I am extremely disappointed that there are no processes in place to actually do the FIX IT part which is the whole point of reporting it.
1,What's the point of having parking enforcement requests when no one does anything with them?
2,"The new design takes much longer to submit a report and if you add an image, it just goes back to the home screen without letting you submit the report. If the goal is to reduce reported instances, then it's an improvement but if the goal is to find the things that need fixing then I wish I could report the app. Also there is no contact information to report issues with the app. Perhaps a good feature for the future?"
5,"The new update circa late 2022 is a vast improvement. Good job guys! One feature suggestion would be a way to see issues raised by others (the reporter could decide to make their issue public vs private, perhaps) and let other people 'up vote' (limited to one vote per user!) that report to help prioritize reports. It would also be nice to have a shareable link to the report that a reporter could send to neighbors to ask them to up vote if they too would like to see the issue fixed. Thanks!"
1,An unmonitored app built to shut us up temporarily. Don't download.
5,"Helped me remove homeless encampment where drug dealing was rampant. This app saved my block. Five stars for that thank you. The homeless mentally ill get away with murder in Seattle. Time for them to go, get kicked up. Fund the SPD."
2,The app is taking me to a web page that is broken. Hence the app is useless. Please fix asap.
2,Downgrade in UI. What used to take one or two pages to create a report now takes like five. The other features are nice though.
5,The last update made this app easier to use!
1,Doesnt work blank screen
1,This app is a scam. City government is hiding behind an app rather than fighting crime! Rather than allocating funds for police officers and recruiting aggressively. They spend $150 million on the Homeless Problem and have never solved any of it. They won't come out for Crime theft vandalism unless someone is holding a knife or a gun at your head. This app wastes your time. Is nothing more than a statistic and crime tracker. With zero effectiveness.
5,"Easy to use, quick, I see results in less than 10 days. Thank you"
4,"Really nice that it has so many services in one place and it's easy to submit requests. The follow up on a lot of my request has been very quick, but some haven't gotten any follow up. It seems depend on which service it goes to. Broken car window glass on the street got no response."
5,Easy to use and the City actually pays attention to the reports.
4,"""Service not initialize"". It was working fine and now I can't report the mower down stay safe street signs. Android 12 Moto G 5G."
5,Works well
1,The city just closes the reports without doing anything about them. This is a waste of time
1,This is the Orwellian app people use to harass the homeless of Seattle.
1,Won't initialize?
1,"I reported a dead animal on a highway exit, that sat there for 2+ days and the answer was literally that I should grab a bag and pick it up myself. I'm seeing similar issues with other reviewers. Props for making the app, but the services it provides seem to be dropping the ball, making this pointless."
4,"Great service, hope to use it again."
1,"App must be broken, I keep reporting in Seattle and nothing happens."
5,A priceless resource for residents and business owners. Couldn't be earlier and They respond in a reasonable amount of time.
1,"Made a report in the morning about a jerk who parked in the middle of the sidewalk and bike lane. When I opened the app later in the day to check the status, it kept crashing immediately. Had uninstall and reinstall to get it working again. You don't get any indication about the resolution of anything you filed. Just ""Closed"". They might as well print it out, put it into a paper shredder, and then close your issue."
5,"Excellent, easy to use"
2,The app is very basic. It does keep you up to date on placed orders but yge automatic location is way off and it will not always allow a manual entry of an address. Oh you can enter the address location but the app will reject it. Really needs fine tuning. Response to placed orders are very slow but I don't know if that has anything to do with the app.
5,Easy way to report public problems around the city.
5,Easy to use.
5,"I will donate my time and skills to rework this service. For free. But, I need suggestions and city support. For example, there will be no way to report homelessness. But there WILL be a way to donate toward housing to help curb homelessness. Come on. Let's be constructive."
1,Doesnt matter anymore
1,Classiest garbage. We will find the developers and show them the err of their ways.
1,Death to capital
5,"I was extremely impressed with this app. The app isn't super fancy but is easy to use and gets the job done. It was easy to report my issue and attach a photo. Within 1 hour of reporting it, a city of seattle truck appeared (i reported a huge branch blocking the sidewalk) and within another hour it was fixed! Thank you City of Seattle!"
1,"So you can't use this app to keep track of any requests that you didn't make through the app? The three categories of requests (recent, yours, and favorites) are completely useless? Unimplemented functionality is pointlessly repeated across multiple screens to make it look like the app actually does stuff? Lame."
4,Could use more than one photo. Often the request is dismissed without explanation.
5,Easy user friendly
3,Ok
5,Good app to report unwanted things where you live.
1,Very Very Very slow response if any... Don't use this app if you want anything done right away. Just call 911.
5,"I exclusively use this app to report homeless people, time to clean this dump up. Snowflakes that have never ventured beyond their daddy's watchful gaze dont have a clue what is actually happening in this city. Cant walk more than two blocks without someone shooting a needle in his arm, there are heroine block parties happening in Belltown every day. Tents clogging up the sidewalks, and I've seen enough grown men taking a dump on the wall of my building to last the rest of my life"
5,Very helpful for cleaning up trash
1,A cruel app used by even crueler people to try and arrest and report homeless people in Seattle. The Seattle government should be ashamed for making this anti American app.
3,"Submit button no longer works for graffiti, else 5 stars. Have had trash and needles dumped by degens without care on playgrounds, yards, and street corners cleaned up promptly."
5,Unless you ever walk outside your house or apartment and find needles and poop in around your area and bus stop you are unware and out of touch. You never get down into the streets every day to be threatened by meth and heroin addicts. You do not have a clue. You never ride the bus. You live in a world out of touch with what is really happening in Seattle.
5,"Reported some needles found nearby Denny park, and they cleaned it up by the next morning. Huge Kudos and thanks to the developers and workers of this project!"
5,No more guessing what the address is. App does it for you.
1,"The cities way to punish homelessness, a problem it is unwilling to solve"
3,"What happened to the ""abandoned car"" option?? Bring it back! Glad you included bike/scooter complaints and health violations as categories."
4,"overall, a helpful app. Sometimes the GPS locator is flakey and sometimes things don't get addressed as quickly as I think they should, but still way better than trying to figure out who to call or something. One thing I would like to see added is the ability to edit or cancel requests. A few times I have reported something and then the problem was addressed before anyone at the city likely even saw my request. Another mention that the ability to modify or delete requests would be very welcome!"
5,The signs I reported were fixed!
5,Thank you for picking up the illegality dumped garbage.
5,I've been very happy with this app when I've needed city services.
1,Bad. Facist.
5,"Great for reporting illegal dumping and needles, gets cleaned up really quick. Odd reviews though, lots of people are confused about this app's purpose it seems"
5,Seems to work well enough as intended and easier than reporting via website. For those bleeding hearts that don't even live in this city: Kindly mind your own business. You have no stake in this matter and don't have to deal with the constant trouble brought about by these people. It's too bad there are people that think they're above the law because they're poor or homeless.
1,App never opens. Pixel 3 with all updates
1,Will not open. Absolutely worthless.
1,Won't open. Google pixel 3 with Android 10
1,I've installed and uninstalled several times. The app will not open. I keep getting a message asking if I would like to report there is a problem. Which I do everytime.
1,App crashes on every open attempt.
5,"Great to have an option to report things affecting your home and neighborhood. I've had so much illegal dumping, and litter, and illegal fires, and exposed needles, and vandalism, and sidewalk blockage, and public urination, and trespassing, and junk cars dumped, and open drug use, and that's just from the year I've been in this part of town. I never knew what to do, and calling other city services always went no where, so kudos for having some way of expressing concerns and having them addressed"
5,"Used this app multiple times to report pedestrian signal issues, road markings, and illegal dumping. All resolved with a couple weeks at most. This is a great engagement tool!"
5,"This is fantastic. I've reported several things, and always get a prompt reply. Some of the things I've reported have actually been fixed! This is the way to cut through the bureaucracy and get to a real live person who can respond to the issue. Thank you City of Seattle!"
1,Disgusting
5,"This is very useful. Dont listen to crybaby enablers who want to sit on their high horses and feel superior because of their ""believe-eeze"". Wanna help ""houseless"" people? Let some live with YOU since your so big hearted and benevolent."
1,hope whoever made this drowns in manure
5,So I'm horrible and a fascist when I report some non-homeless dumbass who blocks my driveway and makes it where I can't leave for work or whatever. I find it hilarious that attacking the homeless is what otherwise intelligent people see as the only purpose of this app.
1,this doesnt even deserve one star.
5,WOW! Looks like the organized effort by Emerald City Antifa is in full effect here trying to collapse a once beautiful city to instate totalitarian Bolshevism. You can thank Twitter for allowing Emerald City Antifa to communicate to its members to flood this app with one stars and intentionally misleading camp sites and problems to make life impossible for the tax payers. They have also organized an effort to remove benches around the city. It's all on their Twitter Feed take a look for yourself
5,Clean up the filth
1,"This is a garbage app and if you support it, you are a garbage person."
1,"""report a tent"" is disgusting. help the homeless ppl, don't make their situations any harder. you should be ashamed of your selfs for having that feature"
1,This app is for snitches and it's an embarrassing red flag for a city that claims to be progressive let alone care about its citizens.
1,stop blaming homeless people for being homeless
5,Great app I've used many times for effective results. I've gotten a bunch of potholes fixed and out street lights replaced. MUCH simpler than hunting through multiple agencies to figure out where to report sone issue.
1,disgusting. whoever developed this needs to take a professional ethics class.
1,"I hope they're not just taking away tents from the homeless.I hope they are getting them the help they actually need or deserve. A lot of homeless are either mentally ill, down on their luck, or didn't get a decent deck of cards in life. If they have a problem with sanitation and safety then offer homeless people to help clean up the city and pay them for it or offer housing for it."
1,Niflhel awaits!
4,To everyone coming to this page angry about signs that suggested using this app to report homeless tents: there is no option in this app for that problem. Some NIMBY jerk posted those signs but that's not what this app is for.
5,Clearly around 7/21 Seattle's social justice warriors discovered the app and don't like it when people report the truth. These are the people that are the cause of many of the City's problem. Lock up the drug addicts. This is not Venezuela. We have laws and they should be enforced.
1,"""Out of sight, out of mind"" should never be applied to people. disgusting."
1,The poster for this app basically calls homeless people living in tents INHUMANE. This is a sickening app. I would rate this 0 stars.
1,"If homeless people can be allowed to sleep, that would be appreciated"
1,"Gosh would be a shame if people reported non existent tents in your dipshit police state app, wouldn't it?"
1,Why deal with a problem when we can move it somewhere else? Thanks for making this app to show us our Seattle officials care more about taking away human rights instead of giving them.
1,use it to report things in other states...where there are no tents.
5,Great app for triggering leftists and their faux outrage!
5,"This app is fantastic. Prior to installing it, when I saw homeless people, I really had no recourse and they'd just continue being homeless. With this app, I can report inhumane living conditions and the city presumably sends in a team of expert humanitarians to assist the homeless by removing their belongings and issuing them a fine to help elevate them out of poverty!"
1,"Terrible app! Instead of wasting money on an expensive app to snitch on homeless people just trying to survive, they could have spent it on housing for them. But I doubt helping our most vulnerable people was ever the intention with this app."
1,"That this app is used, in conjunction with posters around the city, to harras and displace the most vulnerable people who are forced to live in tents is absolutely apalling. Instead of providing the resources to deal with homelessness, it punishes those who are most at risk and puts them in further danger. Absolutely disgusting. You should be ashamed of yourselves. Tents are not what needs fixing so that wealthy don't need to see the poverry they've allowed to happen. Poverty is."
5,"Hey y'all: the City of Seattle doesn't actually endorse reporting tents. The signs that many of us are reacting to here were posted by regular citizens. you can only report tents under ""general inquiry"" because it's not a category!! I'm revising my review because i found out this info after i did some homework. This app is actually pretty useful. Please consider revising your review as well if you were blindsided like i was!"
1,"this app is petty and disgusting. how about implement something to help these people, not report and complain."
1,"Found out about this city's inhumane campaign to kill off all the homeless/poverty stricken men, women, and children by destroying the very habitats that keep them alive. Shame on whoever thought this up and posted flyers across the city urging people to report tents. Shame on whoever approved that aswell. I thought Seattle was a progressive city but seems that I was terribly mistaken. Here's to condemning this app, and this city's government officials, and to anyone who reports a real tent."
1,"Proof even bourgeois ""progressive"" cities hate poor people"
1,"Yeah, the problem is not so much with the app as with the anti-homeless policy that it is meant to endorse! I don't know where the city of Seattle left its compassion, but encouraging the active criminalization of poverty is a very fascist move."
1,what an idiotic way to approach human lives. sanctuary city my butt.
5,GOD BLESS!!!
1,app for bootlickers and statist subhumans.
1,i only downloaded this to help overload the server. i live in Minnesota. Forcing homeless people out of their tents is the worst thing I've ever heard of being done with an app.
1,App is being abused by groups trying to harrass homeless people in Seattle.
1,Disgusting.
1,Find better measures to deal with the homeless crisis instead of harrassing homeless people. This app is Orwellian and anyone who participates in it is an idiot.
1,"a big f you to the city of seattle. i will be making multiple accounts with bots and sending you 10000000s of fake sightings of tents. instead of trying to punish them, maybe help them you liberal scum."
1,don't use this app unless you are evil and enjoy making people suffer :)
1,hateful
1,app doesn't work properly
1,"doesn't work, homeless people still exist."
1,Bootlickers would love this app
1,this app is cruel and hateful towards unhoused humans.
1,"if you hate poor people and want them to die from exposure, this is the app for you"
1,"This app allows you to treat other people like an inconvenient pothole or unsightly graffiti. It's a vile, dehumanizing and cowardly way to deal with your discomfort with the visible proof of the homelessness, addiction and lack of mental health care in Seattle. The city should be ashamed."
1,Brutal concept. Shame on the developers and clients.
1,"you should be ashamed of yourselves, you g*damn clowns. STOP HARASSING HOMELESS PEOPLE. THEY ARE JUST TRYING TO LIVE. 🤡🖕🏽"
1,"This app is being used to terrorize an already marginalized group that nobody is willing to help: up to and including the local government of Seattle. It's shameful and disgusting behavior, undoubtedly started by a privileged white person who is just so offended by the struggles of the poor."
1,"Crashes almost every time I've tried to open it, and the one time I didnt crash, it wouldn't let me submit my complaint! Do better, Seattle."
1,Screw you devs. I hope when you're down and out someone comes along and makes your situation exponentially worse
1,it's terrible of y'all to make an app for snitching on homeless people
1,"NIMBY App is being used to harass vulnerable populations in Seattle. City of Seattle, do not waste resources attacking the homeless rather than helping!"
1,This was being used to force homeless people out of the scraps of home they managed to make and it's desgusting.
1,snitches get stitches
1,Because we don't care about people at all in Seattle apparently. Just get those unsightly homeless people away.
1,They should be ashamed that they made this.
1,Shame
1,Literally an app for snitching on homeless people.
1,"report Tents EVERYWHERE!!!! IN McDs, in the sty, in in the bay when u r on the ferry :) .... i just installed to do such :) make their app utterly fkn useless and the developer can fkn Blow Me"
1,let homeless people live their lives
1,garbage app for garbage people. snitching on the homeless? really?
1,targeting homeless people bad
1,"see a tent? don't report it. fix the reason people live in tents, you garbage human beings."
1,"Disgusting, Regressive, Inhumane app."
1,i downloaded the app to help fight against the report a tent movement. we need to be helping them find homes not making it harder for them to live. however i didnt see a report tent button so maybe they have already taken the option down? if anybody has any info on this id be very grateful. thanks
1,Using the smartphone priveleged public to eject homeless people from their last ditch effort for shelter is disgusting.
1,"Finally! An ignorant group of slaves have succeeded in developing an app so that ignorant self centered privileged slaves can report less fortunate people to the Seattle Corporation whom exploits both groups. Way to go man kind, and all you blind idiots who still say we live in a free country. Screw you Seattle, and screw you slaves who have nothing better to do than rat each other out because you have the urge to not mind your OWN damn business."
1,The developers of this app are just as complicit in the criminalization of homelessness and should be ashsmed of themselves
1,download and make fake reports to waste the time of horrible people. also go through the reviews and report all positive ones. they'll shut it down eventually. you people will burn in hell for this I swear to god
1,The only way to fix homelessness is to stop letting the investor class artificially inflate housing costs.
1,There are more homes with nobody living in them in America than there are homeless people. Just some food for thought.
1,Targeting the vulnerable. Disgusting.
1,solve the source of the problem instead of screwing over the people who are affected
1,"I was homeless twice before the age of 10 - both times living in tents as my only shelter. Tent living saved my life when I was unable to be in a permanent dwelling. Had my family and I lost our tents and camping gear, we would have surely succumbed to the elements months before we were finally able to get back on our feet and get into an apartment after being displaced by a house fire and then becoming victim to a slum lord. Homelssness can happen to ANYONE at any time, for various reasons."
1,Pathetic. Creating an app and using it to attack folks who are already struggling.
1,"Use our money to build public housing, not fascist apps"
1,nah
1,The fact this app is being used for the prosecution of homeless people is disgusting. S/O from Saint Louis
1,What you are doing is horrible. Hope everyone responsible for this app has to be homeless.
1,why make an app to target the homeless when you could not
1,unethical
1,"in theory, this would be nice, sort of like a networked neighbourhood watch. in practise, it seems to be nothing more than a glorified rat tool, because why would we actually put time, effort, and tax money into actually addressing and fixing problems when our taxes can go straight into the pockets of politicians and instead push out an app that PUNISHES PEOPLE FOR BEING HOMELESS. Being homeless is a symptom of a greater injustice. Stop punishing them for it."
1,"Pro tip: download the app and report several locations you know don’t have any camps. As far as easy direct action goes this could actually shut the app down with enough people behind it, at the very least render it practically unusable."
1,This app is being used to target and attack homeless people. This is unacceptable. This is hateful. We can do better.
1,"What a disgusting app. Whoever developed this- whoever supports this- is a monster. If houseless individuals make you uncomfortable, then maybe you should try to solve the housing crisis instead of preying upon its survivors. I only downloaded this app to underscore its cruelty. After I finish writing this, I'm going to uninstall this repulsive app."
1,no option to report how racist and terrible Seattle is
1,terrible design
1,"honestly, this app is disgusting. i'm glad people are overloading its servers"
1,Anti-homelessness in the worst possible way. Spam them to hell with false reports.
1,imagine hating poor people so much that you made an app so you can have strangers snitch on them and essentially try and get them killed.
1,"You people are sick. All of you. Congratulations on #8 trending and #1 ruining people's already ruined lives. Actually fix the homeless situation and grow up as a city, don't alienate the alienated even more. Act like adults, not rich spoiled brats."
1,reported as hateful app
1,"This app is disgusting. We're living in police state, and being poor and surviving is now a war. No way"
1,This is disgusting. An app for reporting clogged storm drains or dangerous dumping? Sure. An app for reporting homeless people and abandoned cars? Evil.
1,"Screw you, and your war on poor people. Why don't you just make housing more accessible? Oh, because that would mean you'd have poor people in your community... And this is probably also racist in intentions. But it's OK, we've found a way to undermine the app. Cheers"
1,Not working properly
1,"saves me a lot of time, I used to go out and beat the homeless with a hammer but this app is much more effective at murdering them lol"
1,not only should snitches get stitches but the despicable city of seattle has advertised this app to attack poor people. what?!?!
1,it's disgusting you are targeting houseless people ...shame on Seattle city officials
1,"The fact that you can report a homeless encampment is despicable. This is not how to fix homelessness, and reporting these people to the city only makes their lives harder. if you think you're helping, you're not."
1,"made by yuppies for yuppies... 1 out of 5, able to use it to attack homeless around Seattle."
1,"Such a great fascist idea! I can report homeless people from the comfort of my own home, secure in the idea that the city will give those dehumanized vagrants whatfor. The citizens of Seattle don't pay taxes for nothing, so why not rough up the less fortunate and kick around some people while they're already down! I would give the app five stars but they don't offer live streaming of the fascist fun spree that ensues after my report. Gosh, what a drag!"
1,Disgusting. This is the end of this mayor.
1,Designed to attack people who are already suffering or have no income.
1,hooray for classism
1,this app is disgusting and should only be used to waste the city of Seattle's time.
1,Homeless people are not the issue. The issue is overpriced housing and useless politicians.
1,disgusting. an app that is activly harming the homeless population
1,"want to take care of homelessness? be compassionate and help them (yes even if theyre drug addicts, yall are trash thinking they dint deserve to get better) dont get them arrested youre just giving profit from slave work to the state and dividing our community."
1,classist (classless) Nimby's trying to eradicate undesirables. This borders on the edge of eugenisism. Deplorable.
1,how about leave homeless people alone
1,What an evil app. This does nothing to help the situation that many homeless people find themselves in and only serves to further demonise people who are already in a bad situation
1,doesn't work.
1,This app shouldn't exist. Shame on anyone who participates in this harassment campaign against the homeless.
1,"leave homeless people alone, Seattle. Its your economy why theyre living in a tent to begin with, and your terrible businesses denying them bathrooms to use and your parks and rec not providing enough proper public restrooms. Trying finding and fixing your sense of humanity."
1,This app is used to harrass and destory communities. Especaially when the poor are involved.
1,"Unkind, unjust, unhelpful: Educational opportunity: Begin with Adam Ruins Housing - Homeless portion and proceed with the vast amount of data that supports how homelessness is more economically solved by providing actual homes instead of harrassing them at their temporary means of living such as tents. The signs posted by the local government requesting people report tents of the homeless reeks of elitism, fascisim, and cruelty. Seek education & kindness."
1,Absolute garbage. Using a city works app to attack homeless is disgusting.
1,"That graffiti is pretty, why would you report it! Also, leave the homeless alone, ya'll suck."
1,stop dehumanizing the homeless.
1,"NIMBY snitch app. If you report a homeless person's patch of ground to sleep on, I hope you get to experience homelessness yourself, and soon."
5,the perfect app if you hate homeless people and love our mayor!
1,why are Seattle council wanting to harass rather than help homeless people? Try establishing affordable housing for people rather than harassing folk.
1,Horrible app designed by horrible people. You should be ashamed of yourself and take deep look in the mirror to see what the hell is wrong with you. How about finding ways to help homeless people instead of putting all your resources into removing them. They are people too.
1,"fix your homeless problem seattle, this isnt it"
1,did not fix things. buggy interface assumes I hate my unhoused neighbora.
1,it turns everyone who uses it into a giant knob crazy
1,Does it feel good to bully the homeless?
1,maybe all this time and energy used to bully homeless people could be redirected towards something more useful xx
1,"This is a great idea for reporting things like potholes and littering, but it's also being used to report homeless people just for being homeless. That's pretty cruel, if you ask me."
1,Being able to report homeless people to have their tents taken away = 1 star
1,Horrible people who no doubt live in nice homes want you to report homeless people who are forced to live in tents so they can take their tents away. There are words for people who behave like this but they would be censored. Sadly they are in charge and as usual the despicable people seem to keep getting themselves into positions of power.
1,"I'd like to hope that the developers of the app were not intending it as a tool to attack an already vulnerable population, but that's exactly what it's become. Please remove the ""Other"" section at least. There's good reason ""reporters"" are ashamed to be known as the heartless jerks who criminalize and victimize folks who are already struggling."
1,"Ah yes, an app to target homeless people and put them in even more jeopardy, destroying their shelter and chasing them out like dogs. Shame on the people who developed this, shame on everyone who uses it to screw over disenfranchised human beings. Y'all a hot pile of burning garbage. Trash, the lot of ya."
1,leave homeless people alone
1,Stop snitching on homeless people.
1,"Developers should find their own actually problems with their morals and inhumanity. This is discrimination against homeless people. Fix yourselves first, for God's sake."
1,dont rat out homeless people folks
1,y'all are scum
2,"Shameful stuff. I see people using this app to report individuals living freely in tents. They seem to be forcing them to sign contracts to live. Whether a contract for a homeless shelter's rules, or a mortgage contract, consent is violated when contracts are forced upon us. Free means no contracts."
1,whoever developed this app please rethink your life choices. whoever came up with this app please end your worthless existence.
1,"bigoted, elitist, disgusting, inhumane and en calling of our country's most disgusting cultural item; ignoring and demonizing the homeless. pretty disgusting"
1,"I only wanted to install this long enough to leave a review. I think what you're doing is disgusting. Rather than trying to find a way to help homeless people, you're going to kick them out of the only place that they have. People should be trying to lift others, not knock them further into the gutter."
1,"This is being used as a literal attempt to murder homeless people. You can literally report someone for not having a house to sleep in. Proof of how disconnected and disgusting Seattle officials are. Why deal with issues, when we can just harras, arrest, and force into hiding the most vulnerable people in a city? 🤡"
1,choke
1,"oh perfect, a way to report houseless people to the authorities so they can be harassed and forcibly removed. what an evil idea made by people who think a human life is only worth as much as their money."
1,do not use this for discriminatory actions against the homeless some of them have no choice in bieng homeless they are still human to
1,This is nothing but the city of Seattle trying to make war on our houseless neighbors. Reported as a hateful app.
1,"this app does absolutely nothing. it doesn't matter what you report on this app, because nothing gets done about the report. i would be very surprised if ANYONE actually recieves any of the reporting that 'find it fix it' supposedly responds to. my suspicion is that any reporting from this app just goes into cyber Oblivion, not received or responded to by anyone. this 'find it fix it' app, i believe is meant to denote civic 'apathy', not the actual meaning of application."
1,"This app is despicable. It is being used to attack the homeless. It is being used to destroy their encampments. It is literally causing people to die! Something needs to be done. Targeting the homeless in a city where you would rather attack the homeless instead of facing the issue. Anyone who uses this app to target the homeless is a lowlife and a pathetic pile of flesh. You are not human, but monsters!"
3,we need this in more the just Seattle Snohomish county needs this desperately
4,"I have used this app when I first heard about the app. Resolved roughly 7 potholes I have reported on my commute. Takes about 1 to 3 days for the potholes to be resolved.   Reported 2 road-kills on roads and gain immediate response from miscellaneous report and notified proper departments to resolve the issue.    I have reported handful of abandon cars (with flat tires) that my neighborhood leaves damaged and neglected without having them visit a mechanic shop for 1-2 months. Within a week or more, tickets compiled on the cars that have been reported. Gotten 2 vehicles towed when left past deadline to respond.   Had reported 2 illegal dumping of furniture reported that were too close to knock over to the road. Been resolve within a week.  One issue I have is I attempted to report broken traffic lights as I drive that always require the 'Pole Serial Code' which I'm taking screenshots from my dashcam to my phone. Make this a harder issue to report broken traffic lights as a driver.  Note: My issues usually get resolved by including photos in all my reports and accurate location you can change on the 'Address' box."
5,"Whether my requests are heard or whether they aren't, I still think this is a great idea. I have personally met some of the people who come out and clean up homeless encampments and garbage etc. and they are some of the hardest working people in the city. Five stars. Thank you for being there."
5,"This is such a great tool to score on some homeless chicks, not to say but I'm homeless as well.i have completely , I forgot"
1,"Submitted several things and haven't gotten any of them fixed. What's the 
point"
2,"Why did maps stop working and no update to fix it? Was great until then. 
Bugs and no support make it tough to use."
1,"Map doesn't work, so you can't report accurate location of the problem"
5,Easy to use.
2,It doesnt work. Won't send requests.
4,"Useful app to report illegal dumping, potholes, signal maintenance issues. It could be improve by allowing updates to reports"
1,Whatever this recent update is it sucks. Unusable now
5,"Super fast response to a mess in my neighborhood.  A big ol' ""atta boy"" to you folks who make this happen."
1,"Horrible. They supposedly opened it and then closed it without anything being done. The location sucks because if you try and fix it to your actual location, it just stays on the same screen and doesn't do anything else. You have to close the app and start over. Smart idea, wish it actually worked."
1,"Doesn't work, can't summit a report it just complains about location and description required even though I filled out everything. Uninstalled immediately."
5,Very prompt service. Emails of work order status.
1,"App incorrectly thinks there is not enough room on my phone.  It is only looking at phone storage, not SD storage."
5,I just submited potholes was there for years in our neighborhood. Looks like no body report to the city. Everyday i drove by and i hate it. So i go ahead try this app. They indee came out and fixed the potholes after 2 days of my reported.
2,"The app itself is fine, but the City doesn't actually respond, so it's kind of a waste of time. I've submitted multiple reports and it shows the reports were opened and then closed a few days later. I suppose they think that issues will just resolve themselves if they ignore them."
1,I submitted a couple reports two months ago and got no response on them. Seattle's roads are horrendous and the money is spent on stupid places like the bike share program. I think they just created this app so people would stop calling and complaining but they just ignore the requests.
5,Love
4,I reported a bad pothole along my regular bike commute. I liked the way it allowed me to find and mark the location and then upload a picture. Response time was excellent.  I found the pothole fully repaired when I passed by a couple days later.
5,Excellent app
5,"Every time I have reported an issue through this I have seen it fixed or improved, often with personal follow-up from someone at the responsible agency."
4,"Pretty easy to use, although filling out the long form on a smartphone is tedious."
2,"Always get failed to sync error now, so I can't use the app. Hm."
2,"...if someone really took action and not just marked a request complete without actually doing something. Once they have ""completed"" and closed your request you can't reopen it (since no actio was ever actually taken)."
3,"I have to enter a location. And a description. And a location & description! The location is already geotagged in the photo. The description will always be ""graffiti"". If you really want this app to be used by busy people, you need to require only the geotagged image, and maybe the popup menu of type of property (but really you should have workers who monitor incoming images and notate any additional info from the image.)"
5,Nice app the city responds fast
3,Love having the ability to easily make requests to the city. It would be great if there was the ability to delete or edit a request (when one has made a mistake in the description or location it seems the only option is to create a duplicate entry).
3,Seems good for reporting problems but no tracking for follow up (as in did the city ever do anything) and no way to delete old reported problems. Problems with uploading requests means I have doubles
3,Can't edit address. Must use clunky map. Should be able to edit or delete requests
3,"This app, as useful as it could be, is hindered by what seems to be a simple problem to fix, the inability to drop a pin on the map instead of actually having to be physically located at that place in order to report something (in my case, a pothole that needs repairing). I understand the need for accurate locations, but a dropped pin would achieve that without requiring the use of location services and being onsite when reporting issues."
1,Failed request every time I use it.
1,Every time I attempt to report a problem the app says that the request failed.
3,Would be nice to get an actual resolution notice when my tickets are closed and the things I reported are unchanged. Do they need more info? Do I need to contact someone else? Simply closing the ticket makes no sense.
5,"When I first reported the let on the side of our building, they closed my request and it was still not cleaned. I thought ""oh well, it was worth a try."" Then a few days later, I came out and it was done. It may not work ALL of the time, but I think that it is a good start. I think it good of the city to produce this app in an effort to at LEAST try to get these sort of things resolved."
4,"The city doesn't always respond, even after repeated requests, escalating the language each time."
1,"After entering a report in detail, I just get an ""unprocessable entity"" error every time I submit. Disappointing."
5,The process works!
2,"I used to it report illegal dumping. Both reports had their status updated to ""closed"" within a few hours. However, no clean-up! I called the city and was told that ""closed"" simply meant they had routed the request to a crew and it could take up to 10 days to get the mess cleaned up. Seems that there should be an ""in process"" status for the app."
3,"Looks nice, but it kept failing to register me as a reporter when using mobile data, leaving me unable to use it to file reports.  Using WiFi eventually worked."
2,"Used it 3 times to report overflowing garbage cans or overgrown yards. Ignored by City of Seattle once, and long delayed and therefore useless responses received both other times. Wasn't worth the app space."
3,So far I'm 2 for 5. Many times I think (and once I was told) that the photo doesn't get passed on to the person it needs to get to.
2,"I downloaded it to report potholes,  dead signs, etc...  The app's ability to find my location is almost nonexistent.  I use other apps that need to pinpoint my location and they manage to find me within whatever block I'm in,  many times in front of my own building if I'm home.  This one can't do any better than a half mile away.  Add the inept folks on the other end who couldn't interpret the data and my request to fix a broken wood sign post leaning across a busy sidewalk became an abandoned vehicle in the Cascade neighborhood.  Needs a LOT of improvement"
5,We have had several blocked storm drains on our street for years - I reported them with Find it Fix it and they were cleared within 2 weeks!
3,Good idea and fairly clean functional app. I've reported illegal dumping of furniture and had the furniture cleaned up quickly.  However it is unclear to me if parking enforcement notices are taken seriously or if I am just wasting my time. It would be nice if I could get more of a response of what the result of my report is so I could know. Giving only three stars until a feedback feature is provided with a response from the city.
5,Fast and effective
3,"I found it cumbersome to move the dot on the map to the correct location. It was oddly not located at my current location (which was correct on the map), and it took some niggling to get it to the right place. Otherwise, my first (and only so far) report went in smoothly and has been acknowledged in the app and via email."
5,"I bike commute to work everyday during the week. The ride consists of me going from one end of Denny Way from the top of Capitol Hill to the other, and back at the end of the day. I have reported two potholes on my ride and both were fixed within a week!  This is the best mix of citizen responsibility and government responsiveness. Download the app and try it for yourself."
5,So glad to have an alternative to filling out the form online. I've seen some results too!
2,I wish there was a find it fix it for the app. Got several crashes and background disappeared making the text unreadable.
1,"Nice idea, but broken and frustrating, making it useless.  I wrote a report, and the app promptly crashed."
5,Great idea and great app. Finally a solution to help empower more people to fight the graffiti problem.
